id,comment_text,toxic,severe_toxic,obscene,threat,insult,identity_hate,lang
cx_en_000000_136234,Finding jobs for the disabled just got harder with the recent increases in minimum wage.,0.0,0,0,0,0,0,en
cx_en_000000_384341,This is not entirely true. I have an adult child who receives disability. she has been disabled since she was a child. There are different types of programs.,0.0,0,0,0,0,0,en
cx_en_000000_44a4b1,Disabled people are allowed to work part time up to a specific amount.,0.0,0,0,0,0,0,en
cx_en_000000_d3ca25,Cannabis oil is actually helping children with Autism...,0.0,0,0,0,0,0,en
cx_en_000000_f97bc3,"We definitely do. As a world community, we have VERY far to go in providing care for disabled children.",0.0,0,0,0,0,0,en
cx_en_000000_585165,"Don't forget Roosterskier Brand beard and moustache products! 100% Alaskan and 100% proceeds go to nonprofit outreach work in the disabled community- I'm not affiliated, just bearded!",0.0,0,0,0,0,0,en
cx_en_000000_c87ad0,"Again, not a claim. It's a fact. In the 33 states have education choice programs, most programs specifically cater to low-income and disabled students",0.0,0,0,0,0,0,en
cx_en_000000_7baf73,"I'm disabled and one fixed income. Since Caldwell is raising taxes and Handivan fares much faster than any COLA I receive, I better learn how to crawl!",0.0,0,0,0,0,0,en
cx_en_000000_3cbed8,maybe it was the cellphone and they thought that how can a deaf person hear a cellphone ring if someone is calling her.,0.0,0,0,0,0,0,en
cx_en_000000_f66217,"Medicaid was actually designed, and created, for the Disabled. Expansion to healthy and capable people actually reduces support for the people the program was intended to support.",0.0,0,0,0,0,0,en
cx_en_000000_c84032,This is absolutely false. Autism is not linked to vaccines.,0.0,0,0,0,0,0,en
cx_en_000000_2ac4d8,"As a deaf woman, I enjoy all forms of liturgical music as much as I do the sermons.",0.0,0,0,0,0,0,en
cx_en_000000_17ca0d,"Stealing the wheelchair was not nice. Possibly, the person who stole it had a need for it. Perhaps someone has a wheelchair hanging around they could donate.",0.0,0,0,0,0,0,en
cx_en_000000_09bba4,When I see elected officials help people - truly help like the wheelchair story that is good. It does not get political. It's just working to help a person in need.,0.0,0,0,0,0,0,en
cx_en_000000_06b886,being disabled does not mean unable.. expect a fair days wage for a fair days work i was always told..,0.0,0,0,0,0,0,en
cx_en_000000_20ff7a,I'm a refugee.,0.0,0,0,0,0,0,en
cx_en_000000_c57ff0,"I am Chinese, everyone older enough here knows it.",0.0,0,0,0,0,0,en
cx_en_000000_7316ab,We're all immigrants.,0.0,0,0,0,0,0,en
cx_en_000000_7e9180,Jesus was a refugee.,0.0,0,0,0,0,0,en
cx_en_000000_931d01,Good for the Chinese.,0.0,0,0,0,0,0,en
cx_en_000000_63c265,Legal immigrants built this country.,0.0,0,0,0,0,0,en
cx_en_000000_bf785e,Tunisia is an Arab democracy.,0.0,0,0,0,0,0,en
cx_en_000000_9166df,Not all immigrants arrive broke.,0.0,0,0,0,0,0,en
cx_en_000000_7edaa8,LEGAL immigrants have nothing to fear.,0.0,0,0,0,0,0,en
cx_en_000000_4ea401,Immigrants are the American middle class!,0.0,0,0,0,0,0,en
cx_en_000000_57ea32,Anti immigration and anti immigrant are different.,0.0,0,0,0,0,0,en
cx_en_000000_ef6ba7,Excellent historical relevance with an immigrant perspective.,0.0,0,0,0,0,0,en
cx_en_000000_905836,"The Syrian refugees need modern, quality single-family homes.",0.0,0,0,0,0,0,en
cx_en_000000_3d81b8,"Bangladesh, Malaysia and Pakistan are not Arab nations.",0.0,0,0,0,0,0,en
cx_en_000000_6705ce,They came from Asia so they're also immigrants.,0.0,0,0,0,0,0,en
cx_en_000000_d63a90,Please provide evidence for the refugee and TFW figures.,0.0,0,0,0,0,0,en
cx_en_000000_ddbbe6,Asylum seekers and refugees A distinction without a difference.,0.0,0,0,0,0,0,en
cx_en_000000_678ec8,Somali refugees have made their way to Sun River.,0.0,0,0,0,0,0,en
cx_en_000000_135eeb,Most of the influx isn't Mexican but central American!,0.0,0,0,0,0,0,en
cx_en_000000_b559b1,Immigrants are essential 'new blood' that makes America great!,0.0,0,0,0,0,0,en
cx_en_000000_62dfb3,Immigrants are not the ones driving up housing prices.,0.0,0,0,0,0,0,en
cx_en_000000_855835,Refugees also receive priority access to mental health services.,0.0,0,0,0,0,0,en
cx_en_000000_5d70a6,NAFTA allows for judgments across the Canadian/US/Mexican borders already.,0.0,0,0,0,0,0,en
cx_en_000000_ea915f,Canada decides who can immigrate here - not immigrants.,0.0,0,0,0,0,0,en
cx_en_000000_65a1da,South Korea is prepared to accept all refugees from NK.,0.0,0,0,0,0,0,en
cx_en_000000_0a9e86,Most of the influx isn't Mexican but from central America.,0.0,0,0,0,0,0,en
cx_en_000000_1c508c,A refugee is not an immigrant. Two vastly different meanings.,0.0,0,0,0,0,0,en
cx_en_000000_ced258,"Atooi is a native indian tribe, also known as Mandan.",0.0,0,0,0,0,0,en
cx_en_000000_01b646,It's not the Chinese that are the problem here ...,0.0,0,0,0,0,0,en
cx_en_000000_3e1220,legal immigrants; native americans were also immigrants. from multiple areas.,0.0,0,0,0,0,0,en
cx_en_000000_d2ca08,The Indians are immigrants too,0.0,0,0,0,0,0,en
cx_en_000000_935472,"As a refugee, when he was kicked out of the US",0.0,0,0,0,0,0,en
cx_en_000000_a6800e,To think an immigrant initiated such unique and wondrous synergy. Bravo!,0.0,0,0,0,0,0,en
cx_en_000000_0aa14c,"Descendants, yes. At least grandchildren, not immigrants themselves or children of.",0.0,0,0,0,0,0,en
cx_en_000000_3156ef,If they are making refugee claims then the IRPA mandates confidentiality.,0.0,0,0,0,0,0,en
cx_en_000000_275fb8,"If I was a refugee, I would be heading for Ontario!",0.0,0,0,0,0,0,en
cx_en_000000_56742b,"Having lived in Africa for many years, it's the African way.",0.0,0,0,0,0,0,en
cx_en_000000_9482fe,What queue - the lines for refugees and immigration are distinct.,0.0,0,0,0,0,0,en
cx_en_000000_bff64e,Maybe because many immigrants came to Canada to escape communist regimes.,0.0,0,0,0,0,0,en
cx_en_000000_ad0485,This is the kind of immigrant family Canada needs. Great story!,0.0,0,0,0,0,0,en
cx_en_000000_7047be,Immigrant should not criticized for working hard. They've earned their treatment.,0.0,0,0,0,0,0,en
cx_en_000000_3c4049,Do not confuse immigrants with refugees. There is a world of difference.,0.0,0,0,0,0,0,en
cx_en_000000_dfd358,"Of course, they do. That's why refugees are vetted for two years.",0.0,0,0,0,0,0,en
cx_en_000000_4237bb,As far as I was concerned that comment was complimentary to Mexicans.,0.0,0,0,0,0,0,en
cx_en_000000_37a52f,Oppenheimer was born in New York City. He was not an immigrant.,0.0,0,0,0,0,0,en
cx_en_000000_094c06,The Convention on Refugees has been 'incorporated by reference' into Canadian law.,0.0,0,0,0,0,0,en
cx_en_000000_f3d7f1,"My Scottish ancestors came to Canada as emigrants from Scotland, not refugees.",0.0,0,0,0,0,0,en
cx_en_000000_96a369,Hong Kong is part of China. It's citizens are Chinese. Case closed.,0.0,0,0,0,0,0,en
cx_en_000000_a8f4c1,"In defense of Honolulu's Mexican food, I recommend Jose’s and Maria Bonita.",0.0,0,0,0,0,0,en
cx_en_000000_9019c6,This is about the refugee program. Refugees are not coming from those countries.,0.0,0,0,0,0,0,en
cx_en_000000_1a53bc,"We accept refugees not because THEY are Christians, but because WE are Christians.",0.0,0,0,0,0,0,en
cx_en_000000_7e3f11,"Unlikely, as it is legal for refugees to be indefinitely detained by CBSA.",0.0,0,0,0,0,0,en
cx_en_000000_859062,We have saved millions of European refugees for the last two hundred years.,0.0,0,0,0,0,0,en
cx_en_000000_4f2de8,"Fred Metcalf, Mexicans is a nationality, just like Americans. A result of colonization.",0.0,0,0,0,0,0,en
cx_en_000000_4c3b0e,Typically the kids learn fast. The immigrant parents then learn it from the kids.,0.0,0,0,0,0,0,en
cx_en_000000_d1d269,Article must have been written to teach recent immigrants from no-snow countries in mind.,0.0,0,0,0,0,0,en
cx_en_000000_e24880,Mexicans in America will just find a different way to route money back home.,0.0,0,0,0,0,0,en
cx_en_000000_7727e9,The religious minorities is about refugees. The entry ban is for everyone except diplomats.,0.0,0,0,0,0,0,en
cx_en_000000_2858c7,"Aloha, Nature's and Hawaii's legalize ""immigrants""! Thanks Susan Scott for a heart warming article!",0.0,0,0,0,0,0,en
cx_en_000000_ee5e3c,Justin should try to help these people like he did with the Syrian refugees.,0.0,0,0,0,0,0,en
cx_en_000000_9b6d1b,"Most of the Rohingya refugees are in Bangladesh, Indonesia or Malaysia. All Muslim countries.",0.0,0,0,0,0,0,en
cx_en_000000_b3f99b,Nice story including an example of the diversity of the repasts of the past immigrants.,0.0,0,0,0,0,0,en
cx_en_000000_1c4043,All of this from a refugee. What a success story! May God bless his family.,0.0,0,0,0,0,0,en
cx_en_000000_b56f72,"Canada could take them. They say Canada needs more immigrants. Well, there they are, waiting.",0.0,0,0,0,0,0,en
cx_en_000000_f4b21d,It would be a lot more credible if the association offered to help sponsor refugees.,0.0,0,0,0,0,0,en
cx_en_000000_dd7a7a,"Immigrants pay the same taxes that citizens pay: sales taxes, income taxes, property taxes, etc.",0.0,0,0,0,0,0,en
cx_en_000000_53ae18,"Your preferred candidate for president, Donald Trump, says transgender people can use whatever bathroom they want. Is he off his rocker?",0.0,0,0,0,0,0,en
cx_en_000000_22bb6e,"This is actually not true, the Olympic Committee has a policy for transgender athletes to compete which is based on science.",0.0,0,0,0,0,0,en
cx_en_000000_73627c,"A very valid concern. We were just in Europe and saw extra private bathrooms with a sign indicating ""transgender"". Seems like an easy and not too cost prohibitive solution.",0.0,0,0,0,0,0,en
cx_en_000000_049bcf,Rise up and put an end to it how? Transgender people have existed in all cultures across history its a part of natural human variation.,0.0,0,0,0,0,0,en
cx_en_000000_dfcce4,"Brie De Husson was non-binary, not male, and their pronouns are 'they'/'them'",0.0,0,0,0,0,0,en
cx_en_000000_97fca6,"Even if you do end up in a washroom with a transgendered individual, how will you know?",0.0,0,0,0,0,0,en
cx_en_000000_56405a,"Can we still can the bathroom the John? Seriously, Trans rights arte covered in The Charter of Rights and Freedoms.",0.0,0,0,0,0,0,en
cx_en_000000_ec73ea,Inspiring!! First transgendered woman in the pagent!,0.0,0,0,0,0,0,en
cx_en_000000_b3396f,I support Trans rights but I dont support the government telling me what words to use.,0.0,0,0,0,0,0,en
cx_en_000000_f8390d,"In saying that, you seem to out yourself as obviously not being a teenage girl or non-cisgender individual.",0.0,0,0,0,0,0,en
cx_en_000000_70d58c,"You are at odds with the AMA, the APA and the AAP, all of which recommend supporting trans kids.",0.0,0,0,0,0,0,en
cx_en_000000_fe8af6,This policy is a good thing for trans people if those trans people live in America and enjoy the protection of the military.,0.0,0,0,0,0,0,en
cx_en_000000_c176de,To be exact: $84.2 million / year for erectile dysfunction vs. $8 million / year for all health care services provided to transgendered service members.,0.0,0,0,0,0,0,en
cx_en_000000_493c29,Joint Chiefs: Tweets aren’t enough to implement transgender military ban,0.0,0,0,0,0,0,en
cx_en_000000_edd7ee,"As a Canadian trans woman living from time to time in the US I am feeling very vulnerable, and very angry. Thank you for stating this so well.",0.0,0,0,0,0,0,en
cx_en_000000_a8e61c,"Really, R.D? How many transgendered persons do you know personally?",0.0,0,0,0,0,0,en
cx_en_000000_87b2bd,Trump’s Navy Secretary On Transgender Troops: ‘Any Patriot’ Should Serve,0.0,0,0,0,0,0,en
cx_en_000000_adb808,Funny but several other countries have allowed transgendered individuals to serve openly for some years now with no negative effects.,0.0,0,0,0,0,0,en
cx_en_000000_0fdb8a,"You aren't taught gender identity, you are born with it. Nobody is born with religion it is pure doctrine.",0.0,0,0,0,0,0,en
cx_en_000000_178097,I think transgender people are totally amazing.,0.0,0,0,0,0,0,en
cx_en_000000_3d936d,As long as that person's gender identity is not his/her _only_ qualification!,0.0,0,0,0,0,0,en
cx_en_000000_6321ff,sorry hon..I am an indigenous Mandan.,0.0,0,0,0,0,0,en
cx_en_000000_623169,Denver now calls it Indigenous Peoples Day.,0.0,0,0,0,0,0,en
cx_en_000000_0778a6,"Can there be an indigenous European, ?",0.0,0,0,0,0,0,en
cx_en_000000_a638e6,I'm guessing you aren't an indigenous/aboriginal/First Nations Canadian.,0.0,0,0,0,0,0,en
cx_en_000000_c6e861,I spent 30 AND I'm half Native American.,0.0,0,0,0,0,0,en
cx_en_000000_194a27,hey! Indigenous folks are not spooked by anything.,0.0,0,0,0,0,0,en
cx_en_000000_dcdd0d,"You are a First Nations person, I take it.",0.0,0,0,0,0,0,en
cx_en_000000_85802e,"...open to canada's indigenous history, i believe was the point",0.0,0,0,0,0,0,en
cx_en_000000_218037,half Mandan and proud of being native American and American.,0.0,0,0,0,0,0,en
cx_en_000000_42c00f,I am a native American. I was born in Pennsylvania.,0.0,0,0,0,0,0,en
cx_en_000000_81debd,Are you saying that indigenous peoples are naive? Please explain.,0.0,0,0,0,0,0,en
cx_en_000000_7a84e8,"I believe Allie is speaking for herself, as she is native American.",0.0,0,0,0,0,0,en
cx_en_000000_336ead,"Goolagong Arena is a good name, respecting the indigenous people of Australia.",0.0,0,0,0,0,0,en
cx_en_000000_7b75c0,What are the obligation for First Nations communities and their leadership ?,0.0,0,0,0,0,0,en
cx_en_000000_93a8f0,Stereotype. North American indigenous people go on summer vacation like anyone else.,0.0,0,0,0,0,0,en
cx_en_000000_061cf0,"Indigenous people don't ""vacation"" or buy land for such a purpose though...",0.0,0,0,0,0,0,en
cx_en_000000_4bb2d8,Indigenous people have voices and can speak for themselves. Show some respect.,0.0,0,0,0,0,0,en
cx_en_000000_c11d43,We had a large role in the demise of the Native American population.,0.0,0,0,0,0,0,en
cx_en_000000_c329a6,"Most likely the same one your family made, unless you are native American",0.0,0,0,0,0,0,en
cx_en_000000_38597a,They have the same opinion of your police treatment of First Nations women.,0.0,0,0,0,0,0,en
cx_en_000000_a8e392,Not many Indigenous people live historically Native. Most have adopted a North American lifestyle.,0.0,0,0,0,0,0,en
cx_en_000000_3597d3,"Good point sir, we are indigenous to Africa. I lose your point from there forward.",0.0,0,0,0,0,0,en
cx_en_000000_43c58a,The European immigrants who displaced the indigenous people in North America didn't all go back home.,0.0,0,0,0,0,0,en
cx_en_000000_55186f,Excellent rhetoric. Now how long will it take for indigenous folks to get clean drinking water?,0.0,0,0,0,0,0,en
cx_en_000000_99b85d,"I think you mean ""Alaskan Native"". FTFY. Aborigines is the term for indigenous people of Australia.",0.0,0,0,0,0,0,en
cx_en_000000_5de114,"Please keep in mind, that only the American Indian was indigenous to the Americas before We came!",0.0,0,0,0,0,0,en
cx_en_000000_9ec463,The Green's have used this strategy to their advantage with Native American peoples both here and in Canada.,0.0,0,0,0,0,0,en
cx_en_000000_78f503,"As this article notes, the largest population growth amongst indigenous peoples is amongst those who don’t live on-reserve.",0.0,0,0,0,0,0,en
cx_en_000000_d122dd,"Native people are NOT First Nations, please get a clue. Native is a lawful status, different than First Nations.",0.0,0,0,0,0,0,en
cx_en_000000_d7a2d7,To make up for it we should build a museum dedicated to great scientific achievements of indigenous Canadians .,0.0,0,0,0,0,0,en
cx_en_000000_59dab1,"The first Québec-basher at this comment! Of course we have rights, as do the Indigenous peoples who were here first.",0.0,0,0,0,0,0,en
cx_en_000000_7d7d9a,"In the eyes of other indigenous peoples, it wouldn't look good for an indigenous professor to be on this committee.",0.0,0,0,0,0,0,en
cx_en_000000_498c4b,"Feathered headdresses can be found around the world, the North American indigenous population does not have a monopoly on this adornment.",0.0,0,0,0,0,0,en
cx_en_000000_fbf175,Good that the Supreme Court ruled unanimously that indigenous groups cannot be ignored and bypassed as Harper tried hard to do.,0.0,0,0,0,0,0,en
cx_en_000000_4c9f87,Hearing directly from indigenous youth is a very interesting and worthwhile endeavour. Anxious to hear what the feedback and messaging will be.,0.0,0,0,0,0,0,en
cx_en_000000_394b1b,The Supreme Court's bottom line: Reconciliation does not include giving back the land to the Indigenous peoples from whom it was taken.,0.0,0,0,0,0,0,en
cx_en_000000_702af0,Gassy Narrows is isolated. Isolation is not an option today. Successful Indigenous communities are generally located close to where employment is available.,0.0,0,0,0,0,0,en
cx_en_000000_1ac1a9,Tobacco is a sacred part of First Nations (Indian) indigenous culture. Don't buy any cigarettes or other tobacco from First Nations people.,0.0,0,0,0,0,0,en
cx_en_000000_e48b27,Happy National Aboriginal Day. I wore my medicine wheel pin out of respect for the many First Nations people I have known.,0.0,0,0,0,0,0,en
cx_en_000000_547609,"I don't know, better run this by our indigenous brothers and sisters. That's the first hoop, of many. This is Canada after all.",0.0,0,0,0,0,0,en
cx_en_000000_e5d307,Just because the Supreme Court does not side with Indigenous people does not mean it is wrong or moving backward on Indigenous issues.,0.0,0,0,0,0,0,en
cx_en_000000_a53b9c,We would have resources for clean water for First Nations children if we stop spending it on trying to right every foreign wrongs.,0.0,0,0,0,0,0,en
cx_en_000000_c7af84,"Tillucum is a word from indigenous peoples long before this whale. I agree, with the many who think SeaWorld should be shut down.",0.0,0,0,0,0,0,en
cx_en_000000_401f09,"This government likes to embellish their international reputation with things like this but from their actions towards our indigenous groups, I doubt they believe it.",0.0,0,0,0,0,0,en
cx_en_000000_620d16,Who cares about the last tree. I care only about the lives of the indigenous people and the animals that provide for their subsistence life-style.,0.0,0,0,0,0,0,en
cx_en_000000_1753ec,"As a Mandan, I must say I have always been treated deferentially and respectfully by UNited personnel. That is how it should be for indigenous people.",0.0,0,0,0,0,0,en
cx_en_000000_3ebc7b,"It may be true that many Indigenous communities do support sustainable resource development on their lands, nothing about bitumen development--including the associated pipelines--can be considered sustainable.",0.0,0,0,0,0,0,en
cx_en_000000_ab3039,Sounds like how the RCMP often handles cases involving indigenous people in Canada. I hope that's not what's going on with this case here in Alaska.,0.0,0,0,0,0,0,en
cx_en_000000_f9a48d,"I don't think the Irish compared in unfortunate treatment to the Indigenous people of Canada. Funnily, that hasn't changed. And ignoring it doesn't make it go away.",0.0,0,0,0,0,0,en
cx_en_000000_368e40,"It's not just a problem in First Nations communities but all across Canada. It's hard to get treatment in the big cities, let alone in rural areas.",0.0,0,0,0,0,0,en
cx_en_000000_e296fc,Great piece. Canada is a better place with our indigenous brothers and sisters. Next stop END all funding that is not available to the rest of Canadians.,0.0,0,0,0,0,0,en
cx_en_000000_088315,"I expect this will be just as successful as other hallmark Liberal endeavors such as electoral reform, rapprochement with Indigenous Canadians and of course the self-balancing budget.",0.0,0,0,0,0,0,en
cx_en_000000_6f4308,"They would rather see the First Nations communities constantly in crisis rather than economically strong, participating in development and making money and independent decisions for their communities.",0.0,0,0,0,0,0,en
cx_en_000000_e5277b,"Canada was colonized on one civilization's view of ""merit"". It is not surprising to see the descendants of those empires not understanding the juridical traditions of indigenous peoples.",0.0,0,0,0,0,0,en
cx_en_000000_1357ba,"When it comes to dealing with indigenous people, there are a lot more bad apples in our police forces, particularly in the West and particularly in the RCMP.",0.0,0,0,0,0,0,en
cx_en_000000_17b84a,The issue isn't whether he's allowed to write these stories. It's whether he should be collecting awards and prizes and speaking fees that are meant for indigenous people.,0.0,0,0,0,0,0,en
cx_en_000000_f54bda,"They don't represent all white people, but it's eminently fair to say that whiteness plays a central role to their own cultural identity and the groups that support them.",0.0,0,0,0,0,0,en
cx_en_000000_b6b730,I'm white. This man is my brother.,0.0,0,0,0,0,0,en
cx_en_000000_279cb3,I'm not white. I'm Native American,0.0,0,0,0,0,0,en
cx_en_000000_178be7,It shows that she respects indigenous people and their respective cultures. We eat fish and meats like our ancestors before us long before white people came along with their self-righteousness.,0.0,0,0,0,0,0,en
cx_en_000000_343fd9,It's because I'm Native and they do not connect with me and my opinions because we're all suppose to fit into a white man box. We don't. We Natives have a different world view.,0.0,0,0,0,0,0,en
cx_en_000000_035cd0,"Lisa Bloom is a Legal analyst for NBC News and Avvo, attorney and bestselling author. And she's a white woman.",0.0,0,0,0,0,0,en
cx_en_000000_e0afea,Indigenous people determine who are members of their communities and nations. They appoint people to speak for them. This is not a privilege white men can claim.,0.0,0,0,0,0,0,en
cx_en_000000_32825b,Non-white people are diverse.,0.0,0,0,0,0,0,en
cx_en_000000_1dc980,"Norval Morriseau painted with oils on canvas, both invented by white men... Natives painted with ochre on wood and rock.",0.0,0,0,0,0,0,en
cx_en_000000_3cf5f9,"Thankfully, white people (like all people) are not a monolith. And just as thankfully the majority of Canadians still embrace multiculturalism, much to this country's benefit.",0.0,0,0,0,0,0,en
cx_en_000000_1bb3ab,Prayers for Fr. Herb's healing and a successful cancer surgery. I retract my remark about Stuff White People Like spirituality. It reflected a lack of charity.,0.0,0,0,0,0,0,en
cx_en_000000_194e1a,"It's a means to an end, my white friend. Everyone has biases and some are inherent.",0.0,0,0,0,0,0,en
cx_en_000000_f8751f,FBI data counts Latinos in the 'white' category. Non-Hispanic whites are about 62%.,0.0,0,0,0,0,0,en
cx_en_000000_3e1b76,"They were nations, many many nations (tribes), long before the white man appeared in NA.",0.0,0,0,0,0,0,en
cx_en_000000_7ff59d,The story is about people who identify as white. That doesn't mean they don't exist.,0.0,0,0,0,0,0,en
cx_en_000000_2c5b13,"Whatever the truth is, as a white guy, and even without getting special grants, I've found it extremely easy to get a great education at a reasonable cost and a great job.",0.0,0,0,0,0,0,en
cx_en_000000_67b6eb,"As a white, 41 year-old male, I'm in complete agreement.",0.0,0,0,0,0,0,en
cx_en_000000_7d8aa7,Jennifer Yeh is right. There are way too many public places in Oregon that are named after famous white people. Ho Chi Minh Square has a much better ring to it.,0.0,0,0,0,0,0,en
cx_en_000000_ad92ce,"I am a white Guy. I will dress my Grandchildren in any kind of costume , as long as it does not offend the Queen or the Pope.",0.0,0,0,0,0,0,en
cx_en_000000_5f9f12,"i'm a white woman in my late 60's and believe me, they are not too crazy about me either!!",0.0,0,0,0,0,0,en
cx_en_000000_674c4d,"Being white and all, can someone please enlighten me about my obligations?",0.0,0,0,0,0,0,en
cx_en_000000_b3b8e4,"historically, the west has been white so it is not surprising that the role models are white.",0.0,0,0,0,0,0,en
cx_en_000000_d90d34,Do you not consider muslims to be white?,0.0,0,0,0,0,0,en
cx_en_000000_b3a727,I do all the time and I'm white So what?,0.0,0,0,0,0,0,en
cx_en_000000_12bdbe,This will have the unintended consequence of more white people switching to American and increasing revenue.,0.0,0,0,0,0,0,en
cx_en_000000_7bcbcc,"The definition of irony: dozens, if not hundreds, of white people feeling the need to comment on something they think is inconsequential.",0.0,0,0,0,0,0,en
cx_en_000000_7471f6,"Again, just to remain factual, the woman in this case is not African American--although race is not really material to this situation anyway.",0.0,0,0,0,0,0,en
cx_en_000000_c075ac,"He's a NOBEL Peace Prize winner, and African American. Cut him some slack!",0.0,0,0,0,0,0,en
cx_en_000000_918653,Excellent. The African American communities in America need more people like this gentleman. Roll models can be regular people.,0.0,0,0,0,0,0,en
cx_en_000000_0e3d9f,"If true, that is unfortunate. It is also, I suspect, not representative of the perspective of most African Americans.",0.0,0,0,0,0,0,en
cx_en_000000_3850a2,An Irish American and an African American that fought for the common people. A thing of beauty. They will certainly be missed. The ceremony was a pleasure to watch.,0.0,0,0,0,0,0,en
cx_en_000000_2feac6,The same could be said of the United States when it comes to African Americans. And it could be said of Canada when it comes to the horrible treatment of the First Nations.,0.0,0,0,0,0,0,en
cx_en_000000_252c2d,Good information and exciting links to view art by African Americans that led me to just search even more. I have spent over an hour just exploring names and being awed. Thanks.,0.0,0,0,0,0,0,en
cx_en_000000_184aac,An African American neighborhood like where Charlize Theron lives? She's African-American.,0.0,0,0,0,0,0,en
cx_en_000000_fab190,"Sorry, I love Marty Hagen and David Haas. And I especially love good old African American spirituals.",0.0,0,0,0,0,0,en
cx_en_000000_3f6822,The blocked video clips show the coach doing this with African American girls as well.,0.0,0,0,0,0,0,en
cx_en_000000_f64284,Eastman was the only vote against a bill to honor Hmong and Lao veterans. He also voted against honoring the African-American soldiers who worked on the Alaska Highway.,0.0,0,0,0,0,0,en
cx_en_000000_22e59a,Black Catholics in America are far more common than that. Black Catholics globally is probably the majority of black people.,0.0,0,0,0,0,0,en
cx_en_000000_86a85b,Better article nobody would make: Can Black American fix their relationship with America?,0.0,0,0,0,0,0,en
cx_en_000000_44bbf9,As a black Trump supporter I find your comment extremely offensive.,0.0,0,0,0,0,0,en
cx_en_000000_b610f8,The Seahawks have plenty of fans. Good riddance to those who don't respect black players and the first amendment.,0.0,0,0,0,0,0,en
cx_en_000000_4fc616,Desmond Cole can now move on to stopping other attempts to have the police and black youth build better bonds.,0.0,0,0,0,0,0,en
cx_en_000000_ce2f3b,She was a speaker but was referring to a black man who joined the audience.,0.0,0,0,0,0,0,en
cx_en_000000_8c51ba,Black people were also civilized long before your ancestors were.,0.0,0,0,0,0,0,en
cx_en_000000_f6eb92,"Until relatively recently, black people were considered subhuman, women were considered incapable of logic or of understanding science, and children had nor rights and were considered property. We live and learn.",0.0,0,0,0,0,0,en
cx_en_000000_899d28,Generally most NHLers are white and not Americans. I would say that black issues likely aren't felt with the same immediacy as with the American sports leagues such as the NBA and NFL.,0.0,0,0,0,0,0,en
cx_en_000000_78b2c1,"If Darvish was black, and Gurriel was white, would the suspension still be imposed next year?",0.0,0,0,0,0,0,en
cx_en_000000_e3bb2c,"Black people, as with all other people, can voluntarily associate with whatever religious practises they desire.",0.0,0,0,0,0,0,en
cx_en_000000_22c49e,Mt. Vernon and Burlington have a large Hispanic population.,0.0,0,0,0,0,0,en
cx_en_000000_0a53ce,Hierarchy knows it needs incoming migrant members to offset massive exodus by citizens. Future if RC Church depends on Hispanics.,0.0,0,0,0,0,0,en
cx_en_000000_1b8cda,You seem unaware that Hispanics tend to be Catholics.,0.0,0,0,0,0,0,en
cx_en_000000_e6b575,Ours here in northern CO is hispanic owner and staffed. Your mileage may vary.,0.0,0,0,0,0,0,en
cx_en_000000_7b083d,"Um, Weld County is probably half hispanic. Just saying...",0.0,0,0,0,0,0,en
cx_en_000000_13af6a,A large portion of the population in that area is Hispanic.,0.0,0,0,0,0,0,en
cx_en_000000_e7f87d,Have you ever been to Thornton? It's majority hispanic these days.,0.0,0,0,0,0,0,en
cx_en_000000_666802,"If I’m not mistaken, this part of Texas is majority Tex-Mex, and are of Hispanic/Native American decent.",0.0,0,0,0,0,0,en
cx_en_000000_5480cf,I hadn't heard of any racial connection till now. If he was a roofer working for B&M the majority of his co-workers would be Hispanic.,0.0,0,0,0,0,0,en
cx_en_000000_f6a94d,Thank God for the influx of Asian students...,0.0,0,0,0,0,0,en
cx_en_000000_3732e0,Provinces with higher immigration rates perform better (more Asian kids means better PISA scores). Alberta has had a lot more immigration in the last 15 years.,0.0,0,0,0,0,0,en
cx_en_000000_0d542a,"Sorry, I'm an old Asian man. lol",0.0,0,0,0,0,0,en
cx_en_000000_7619d7,"They need more supermarkets such as Don Quijote and Marukai that cater more to the Asian community. Seems like Foodland, Times, and Safeway all follow the same blueprint like those mainland supermarkets.",0.0,0,0,0,0,0,en
cx_en_000000_733905,Why don't Asian people feel targeted?,0.0,0,0,0,0,0,en
cx_en_000000_f867b4,Is he lecturing at Kamehameha Schools on being Asian American in America?,0.0,0,0,0,0,0,en
cx_en_000000_3238db,Filipinos are Asian. And what is Hoale?,0.0,0,0,0,0,0,en
cx_en_000000_01dad1,"If I remember my 8th grade Spanish class, Latino used in the plural can represent both genders.",0.0,0,0,0,0,0,en
cx_en_000000_68767e,"26% of Catholic Latinos voted Trump! Wow. Anyway, I agree with your larger point.",0.0,0,0,0,0,0,en
cx_en_000000_fa8eeb,Not all Latinos are illegal immigrants.,0.0,0,0,0,0,0,en
cx_en_000000_c8783a,Thousands of Hispanics/Latinos/Mexican immigrants helping out in Texas. I wonder if Trump thinks those folks are great people.,0.0,0,0,0,0,0,en
cx_en_000000_cdbabd,Not true. Many more US born Latinos are using double surnames. Next?,0.0,0,0,0,0,0,en
cx_en_000000_8b92a5,"Umm, my own family. FYI, I have many US born Latino friends with double surnames.",0.0,0,0,0,0,0,en
cx_en_000000_fa742b,He is Catholic.,0.0,0,0,0,0,0,en
cx_en_000000_acdd54,Steven Bannon is Catholic!,0.0,0,0,0,0,0,en
cx_en_000000_7a2ea4,Most Catholic don't watch EWTN.,0.0,0,0,0,0,0,en
cx_en_000000_cff3e5,I thought Bannon was Catholic!,0.0,0,0,0,0,0,en
cx_en_000000_1baa1d,The Catholic Church is universal.,0.0,0,0,0,0,0,en
cx_en_000000_01b17f,"Good man, caring husband, faithful Catholic.",0.0,0,0,0,0,0,en
cx_en_000000_432120,Paprocki is an orthodox Catholic bishop.,0.0,0,0,0,0,0,en
cx_en_000000_f807df,A sense of humour isn't anti-Catholic.,0.0,0,0,0,0,0,en
cx_en_000000_72e96b,Reason working with faith. The Catholic way.,0.0,0,0,0,0,0,en
cx_en_000000_d5f628,He's more Catholic than most on NCR.,0.0,0,0,0,0,0,en
cx_en_000000_c01f84,"Paul Ryan, a good catholic,is one of these.",0.0,0,0,0,0,0,en
cx_en_000000_2e2315,"Headline: Catholic organization seeks youth, find little interest.",0.0,0,0,0,0,0,en
cx_en_000000_f81f87,They pray every day in the Catholic system!,0.0,0,0,0,0,0,en
cx_en_000000_b2a519,I didn't know that about Eastern Rite Catholicism.,0.0,0,0,0,0,0,en
cx_en_000000_44a3a8,Not if its on a Catholic institution's dime.,0.0,0,0,0,0,0,en
cx_en_000000_6e3785,The flotsam and jetsam of the catholic left.,0.0,0,0,0,0,0,en
cx_en_000000_35f8bf,SVDP receives no money from the Catholic Church.,0.0,0,0,0,0,0,en
cx_en_000000_861dba,"Actually, the gospels portray several non-Catholics in heaven.",0.0,0,0,0,0,0,en
cx_en_000000_3db09d,Real Americans are very similar to Real Catholics.,0.0,0,0,0,0,0,en
cx_en_000000_21073f,The Catholic Church says it's a fundamental human right.,0.0,0,0,0,0,0,en
cx_en_000000_b6d8fa,"Apart from baptism, according to Catholic teaching, they don't.",0.0,0,0,0,0,0,en
cx_en_000000_c81cbf,It seems the KoC only support Catholic media outfits.,0.0,0,0,0,0,0,en
cx_en_000000_5b0cc9,Catholic families are large. Follow the reasoning from there.,0.0,0,0,0,0,0,en
cx_en_000000_90818f,This is wonderful. Makes me proud to be Catholic!,0.0,0,0,0,0,0,en
cx_en_000000_0c1bb5,They were made by Catholics about their own church.,0.0,0,0,0,0,0,en
cx_en_000000_a0f2f8,Orthodox Catholics are with Our Lord on this one.,0.0,0,0,0,0,0,en
cx_en_000000_86a3c9,"I'm a former Catholic, but I don't lambaste the Church.",0.0,0,0,0,0,0,en
cx_en_000000_b3ce22,"We define ourselves simply as Catholics, everything else is just gravey.",0.0,0,0,0,0,0,en
cx_en_000000_54f6f9,Many years to the Greek Catholic clergy and people of Odessa!,0.0,0,0,0,0,0,en
cx_en_000000_db0c23,We don't have a separate Catholic school system here in BC.,0.0,0,0,0,0,0,en
cx_en_000000_bad28a,"The same way the Roman Catholic Church does with ""misbehaving"" priests.",0.0,0,0,0,0,0,en
cx_en_000000_37cc5f,The Latin Mass in Charlotte is at St Ann Catholic Church.,0.0,0,0,0,0,0,en
cx_en_000000_1aaec7,"Thank God for balanced Catholic media like NCR, America, and Commonweal.",0.0,0,0,0,0,0,en
cx_en_000000_b23ef6,Not forgetting some of the Eastern Catholic Churches permit married clergy.,0.0,0,0,0,0,0,en
cx_en_000000_60ae00,Using my own well-formed conscience. Just as all reasonable Catholics do.,0.0,0,0,0,0,0,en
cx_en_000000_3f6278,I was unaware he was a bishop in the Catholic Church.,0.0,0,0,0,0,0,en
cx_en_000000_e4b31c,The Catholic Church created science. See Stanley Jaki's works. Also Pierre Duhem.,0.0,0,0,0,0,0,en
cx_en_000000_c148dd,It is what is actually in Exodus. Many Trad Catholics are literalists.,0.0,0,0,0,0,0,en
cx_en_000000_106572,A man showing us all what it really means to be Catholic.,0.0,0,0,0,0,0,en
cx_en_000000_5134c1,I'm afraid that I don't understand how this article falls into Eco-Catholic.,0.0,0,0,0,0,0,en
cx_en_000000_2d38c4,A faithful Catholic accepts all of the Church's moral and theological teachings.,0.0,0,0,0,0,0,en
cx_en_000000_a7d1ee,"Dorothy Day was a living saint and a wonderful, and orthodox, Catholic.",0.0,0,0,0,0,0,en
cx_en_000000_0e2fe9,Ironic that Ontario allows Catholic schools but sees a problem with this.,0.0,0,0,0,0,0,en
cx_en_000000_7119f9,Lot of Catholics talk like the Church was founded at Vatican II.,0.0,0,0,0,0,0,en
cx_en_000000_61c5e3,This Christian does not!,0.0,0,0,0,0,0,en
cx_en_000000_08067c,Don't blame Christians just yet.,0.0,0,0,0,0,0,en
cx_en_000000_bc1688,Cardinal Cupich is a Christian!,0.0,0,0,0,0,0,en
cx_en_000000_5c0b25,Christians adhere to the New Testament.,0.0,0,0,0,0,0,en
cx_en_000000_7bfa2d,All Christian churches are Christ's church.,0.0,0,0,0,0,0,en
cx_en_000000_9957ba,"As a liberal Christian, I quite agree.",0.0,0,0,0,0,0,en
cx_en_000000_5e6841,This is not the only Christian answer.,0.0,0,0,0,0,0,en
cx_en_000000_563e9b,Please do not judge all Christians as one.,0.0,0,0,0,0,0,en
cx_en_000000_d5bf50,Christianity and Judaism are Middle Eastern based too!,0.0,0,0,0,0,0,en
cx_en_000000_70c2c5,Now don't attack people personally. That's not Christian.,0.0,0,0,0,0,0,en
cx_en_000000_79694b,"Gary - The Bible does that, not Christians.",0.0,0,0,0,0,0,en
cx_en_000000_44a6a8,"Christians aren't bound by Mosaic code, never have been.",0.0,0,0,0,0,0,en
cx_en_000000_3c2b9e,Another example of too busy being Catholic and not busy enough being Christian.,0.0,0,0,0,0,0,en
cx_en_000000_7e02a0,Beautiful article. I am not a Christian but messages from Matthew about Jesus/Love really resonate.,0.0,0,0,0,0,0,en
cx_en_000000_ef525f,"He's not a Christian. Not defending Christianity, but it's not true.",0.0,0,0,0,0,0,en
cx_en_000000_0c08d6,Looks like it turned out to be good advice for Christianity.,0.0,0,0,0,0,0,en
cx_en_000000_68e3f4,"Not relevant, given the meaning of virgin birth used amongst Christians.",0.0,0,0,0,0,0,en
cx_en_000000_90f6e2,Christianity Today erroneously identified him as an ordained minister. He was not.,0.0,0,0,0,0,0,en
cx_en_000000_a942b4,I have always loved this passage. It is the essence of Christianity.,0.0,0,0,0,0,0,en
cx_en_000000_7829a6,Not just Christians. Pretty much every other major religion on the planet.,0.0,0,0,0,0,0,en
cx_en_000000_c1361a,"Nice to see Christians being Christians, judge not, lest ye be judged.",0.0,0,0,0,0,0,en
cx_en_000000_d3c757,Archbishop Charles Chaput is a holy priest and a great Christian leader.,0.0,0,0,0,0,0,en
cx_en_000000_bba30a,Catholic does mean universal. The Catholic church is the universal Christian church.,0.0,0,0,0,0,0,en
cx_en_000000_8ba65c,Christianity is not a rule-book religion. Read Romans. Read Galatians. Read the Beatitudes.,0.0,0,0,0,0,0,en
cx_en_000000_879f44,"MattinTX, it is good to know there are so many Christians out there.",0.0,0,0,0,0,0,en
cx_en_000000_05b15f,Muslim women are not in chains in the US.,0.0,0,0,0,0,0,en
cx_en_000000_d473e0,They are called Muslims.,0.0,0,0,0,0,0,en
cx_en_000000_0bd3af,Canada needs more muslims!,0.0,0,0,0,0,0,en
cx_en_000000_5d99dd,Not all Syrians are Muslim.,0.0,0,0,0,0,0,en
cx_en_000000_004753,Timothy McVeigh wasn't a Muslim.,0.0,0,0,0,0,0,en
cx_en_000000_a925c7,Good thing Muslims love Canada.,0.0,0,0,0,0,0,en
cx_en_000000_8277ec,Kudos to Canadian troops for saving Muslim lives.,0.0,0,0,0,0,0,en
cx_en_000000_a3f9b5,"A muslim, is a muslim, is a muslim.",0.0,0,0,0,0,0,en
cx_en_000000_f4f0fc,I didn't know Muslims have a prayer for that.,0.0,0,0,0,0,0,en
cx_en_000000_70b76b,Some Muslims don't. Others do. That's called a difference in doctrine.,0.0,0,0,0,0,0,en
cx_en_000000_56c720,Good column. My Canada includes welcoming Muslims to be part of it.,0.0,0,0,0,0,0,en
cx_en_000000_d79159,Based on the article they seem to be anti-Muslim as opposed to pro-secular.,0.0,0,0,0,0,0,en
cx_en_000000_5ba778,Jesus was also a Jew.,0.0,0,0,0,0,0,en
cx_en_000000_9e2eb2,"Drake was born a Jew, he did not convert.",0.0,0,0,0,0,0,en
cx_en_000000_b1219a,"The Psalms which Our Lord, as a Jew, would have prayed by memory!",0.0,0,0,0,0,0,en
cx_en_000000_9a4e4d,A Jewish woman could not divorce her husband. Which calls the passage into question.,0.0,0,0,0,0,0,en
cx_en_000000_4d7df0,"Just because there isn't a temple or a synagogue, doesn't mean there aren't Jewish people.",0.0,0,0,0,0,0,en
cx_en_000000_c303b5,Surprised that there are still only 1.5 million Jewish people in Europe.,0.0,0,0,0,0,0,en
cx_en_000000_64cdfc,"If his daughter had a Jewish wedding, then he would have worn one.",0.0,0,0,0,0,0,en
cx_en_000000_44efc9,I'm an Atheist and a believer in science. Try again.,0.0,0,0,0,0,0,en
cx_en_000000_bff19d,"As well as atheists, agnostics and humanists.",0.0,0,0,0,0,0,en
cx_en_000000_96154b,The Third Reich was not an atheist state.,0.0,0,0,0,0,0,en
cx_en_000000_ef6d75,"Canadians do have a culture, which I fit into very well as an atheist.",0.0,0,0,0,0,0,en
cx_en_000000_1eee1b,"Actually that is not true. There are Humanist and Atheist ""chaplains"" now.",0.0,0,0,0,0,0,en
cx_en_000000_cb4ece,Try convincing the Sikhs and Hindus. They know better.,0.0,0,0,0,0,0,en
cx_en_000000_7f1e19,"The ""Buddhist Monk"" has a name, Joshua.",0.0,0,0,0,0,0,en
cx_en_000000_d5d9fb,I understand his mother's cousin next door neighbor was a Mormon.,0.0,0,0,0,0,0,en
cx_en_000000_efe64d,Th second highest population of Sikhs of the world live in Canada.,0.0,0,0,0,0,0,en
cx_en_000000_826f84,I see nothing wrong with gay weddings. People should be happy when they get married.,0.0,0,0,0,0,0,en
cx_en_000000_c726f4,There have been churches that have been forced to accommodate gay weddings because they have opened up their buildings to other faiths. So YES they have something to worry about,0.0,0,0,0,0,0,en
cx_en_000000_e423a8,"I wonder, have there ever been any openly gay football players at UO?",0.0,0,0,0,0,0,en
cx_en_000000_96bad8,"Understood, but I wasn't addressing that issue. I was addressing Bill's comment (since removed) insinuating that gay people don't own guns.",0.0,0,0,0,0,0,en
cx_en_000000_117b55,"Dave, you are absolutely right. I am a gay woman and I'm also republican. I can't imagine why anyone would vote for her, especially gays and women!",0.0,0,0,0,0,0,en
cx_en_000000_5c0dda,"Johnson is pro-choice, pro-gay marriage, pro-drug legalization and wants to drastically cut the military budget.",0.0,0,0,0,0,0,en
cx_en_000000_52ab9a,"He's not a Libertarian. A real Libertarian would be pro-choice, pro-cannabis legalization, decreased military presence, pro gay marriage. He is for government intrusion. He's the Libertarian version of a RINO.",0.0,0,0,0,0,0,en
cx_en_000000_1a7a88,"My younger brother, who is gay, tried for years to be a Catholic. He was rejected, He did not fail the Church, the Church failed him.",0.0,0,0,0,0,0,en
cx_en_000000_44813b,I've noticed that you have an unusually vested interest in this topic. I have an unusually vested interest because I'm gay. What's your excuse? Because most people will arrive at their own obvious conclusions.,0.0,0,0,0,0,0,en
cx_en_000000_c964ca,"Those white religious protesters down South earlier this summer over the gay marriage thing come to mind, speaking of conservatives protesting. Agree on Reuters; up there with WAPost.",0.0,0,0,0,0,0,en
cx_en_000000_a6c008,The Holy Father disagrees. He has already apologized for the way the Church has treated gay people.,0.0,0,0,0,0,0,en
cx_en_000000_a36de7,"You're right, Ed. This is somewhat like locking the stable door after the horse had bolted. I've heard another pro-gay priest advocate estimate that he thinks it's as high as 50%.",0.0,0,0,0,0,0,en
cx_en_000000_41821e,Fr Hall supported civil gay marriage. The fact you participate in annulment proceedings that require a civil divorce states you support civil divorce as a prerequisite for an annulment. I fail to see the difference.,0.0,0,0,0,0,0,en
cx_en_000000_31fdd4,The CPC party did absolutely nothing for gay rights (and in fact opposed them for a long time) except jump on the bandwagon after the other parties had already fought for and obtained them.,0.0,0,0,0,0,0,en
cx_en_000000_ec2592,She should sing for the gay and lesbian supporters of Trump out of 120 million who voted do you seriously believe there were none?,0.0,0,0,0,0,0,en
cx_en_000000_e06228,"I cannot say that I am proud that I am gay, any more than I am proud that I am healthy and that I have blue eyes; but I am glad for all three.",0.0,0,0,0,0,0,en
cx_en_000000_dc3d35,What does gay rights have to do with it?,0.0,0,0,0,0,0,en
cx_en_000000_32bb2e,Equal rights to all does not trample on anothers' rights. Equal rights for gays does not trample on the same rights for religious followers.,0.0,0,0,0,0,0,en
cx_en_000000_066111,The Church probably will and it will hopefully apologize to those who felt natural being gay but thought they had to make a choice between Heaven and their own natures.,0.0,0,0,0,0,0,en
cx_en_000000_2c1e25,"Can't speak for him, but I this article makes me once again be happy that I am gay.",0.0,0,0,0,0,0,en
cx_en_000000_eeb02b,"I also tell them I will make donations to Planned Parenthood and Gay Rights organizations in the Knights name, instead. I like to put my money where my mouth is.",0.0,0,0,0,0,0,en
cx_en_000000_38c85c,"The funny thing is, people think that being gay means you are going to vote liberal. I am gay and I am proudly conservative.",0.0,0,0,0,0,0,en
cx_en_000000_b95620,The 70's rumors that had to do with The Timbers Motel included the gay bar near the Greyhound depot across the street.,0.0,0,0,0,0,0,en
cx_en_000000_de4399,"Actually, the only people still talking about gay rights and abortion on these boards are the progressives. The Conservatives have closed the door on further debate and have moved on.",0.0,0,0,0,0,0,en
cx_en_000000_f571c3,Kim80--so liberties would extend to all of us? Like gay marriage? The freedom to have an abortion? Those kinds of liberties? And just whete does the religious right stand on those liberties?,0.0,0,0,0,0,0,en
cx_en_000000_635ff6,"not even close. Other than gay issues, he is actually middle of the dem pack and closer to the overall middle.",0.0,0,0,0,0,0,en
cx_en_000000_1cb5ce,"Good point. Why is the new diversity officer being hired to police only race? Diversity includes gays, transsexuals, low income, no income, physical disabilities, cultures and mental health conditions to name a few.",0.0,0,0,0,0,0,en
cx_en_000000_c7bc82,She said she was pro choice and anti gay and she has totally reversed her positions!,0.0,0,0,0,0,0,en
cx_en_000000_64f0a6,I wonder how many would refuse service to a person who identifies as gay but doesn't tell them about it? There. Now you can sleep.,0.0,0,0,0,0,0,en
cx_en_000000_424245,The Koch brothers are extremely conservative. Do you have any proof they support gay rights and marriage equality?,0.0,0,0,0,0,0,en
cx_en_000000_2b9134,Gorsuch is no friend of gay Americans and here's the beginning of the proof.,0.0,0,0,0,0,0,en
cx_en_000000_606584,I thought the papal line referring to gay clerics in the Vatican was particularly relevant.,0.0,0,0,0,0,0,en
cx_en_000000_2afd9f,"Ignorance can be cured. By making marriage into civil union as far as the state is concerned, we end the controversy over gay marriage. Civil union first, marriage second, if you want marriage at all.",0.0,0,0,0,0,0,en
cx_en_000000_0a62ee,An alleged drug party is an esotericum; the plights of millions of gay teenagers is not.,0.0,0,0,0,0,0,en
cx_en_000000_16c004,If only we could get the same wealth pool to support gay marriages in the Church.,0.0,0,0,0,0,0,en
cx_en_000000_aec6c3,Were you libertarian BEFORE gay people started being protected under non-discrimination laws?,0.0,0,0,0,0,0,en
cx_en_000000_50fab5,"Why is it less acceptable than to have a conservative Christian anti-feminist, anti-gay, anti-whatever-rights, who looks just like the rest of us? At least somebody in a religious getup is upfront about who they are.",0.0,0,0,0,0,0,en
cx_en_000000_37440d,Not to mention having the first openly gay player in NFL history: Aaron Rogers...,0.0,0,0,0,0,0,en
cx_en_000000_b964aa,Just a wedge issue to get the 'believers' off their couches and to the polls. This year's version of 'gay marriage'.,0.0,0,0,0,0,0,en
cx_en_000000_27ae46,"Just like abortion and gay marriage, President Obama's views had to ""evolve.""",0.0,0,0,0,0,0,en
cx_en_000000_445d4e,"The Democrats also fought for gay rights, civil rights, abortion rights, etc. Lyndon Johnson said the Democrats would lose the South, when he signed the Civil Rights Act. He was quite correct.",0.0,0,0,0,0,0,en
cx_en_000000_f177b6,"Absolutely. It's the Republicans, Trump being a Republican, who are against gays. It funny how short your memory is that you forgot Trump is a Republican.",0.0,0,0,0,0,0,en
cx_en_000000_90fd8f,Where do we see the proof that the owner wanted to hold an anti-gay rally?,0.0,0,0,0,0,0,en
cx_en_000000_69a884,We have finally found a replacement for the Gay fitness guru Richard Simmons.,0.0,0,0,0,0,0,en
cx_en_000000_a4e608,"1. It only takes 13 states to win EC. 2. Large cities are where the people are. 3. Small towns are rarely ruined by ""big city"" laws. Gay marriage hasn't had a negative impact anywhere.",0.0,0,0,0,0,0,en
cx_en_000000_c6affa,"Treating women, gays, Muslims and all the rest of your list as we treat everyone else is not groveling or pandering but acting as a decent human being.",0.0,0,0,0,0,0,en
cx_en_000000_564202,Perhaps the best way to disarm Mr. Kenny would be for large numbers of straight students to join their schools' gay straight alliances.,0.0,0,0,0,0,0,en
cx_en_000000_a5d229,I read the first three; there weren't any gays mentioned as I recall.,0.0,0,0,0,0,0,en
cx_en_000000_c1b85c,"Not just any cake, no. But a wedding cake for a gay wedding? Certainly.",0.0,0,0,0,0,0,en
cx_en_000000_e15413,"Gays too, which is why the Church should offer rites. I have a few exes who died who I did not bed or wed. My regrets are different and my heart was equally broken.",0.0,0,0,0,0,0,en
cx_en_000000_7a07cd,"What's her stand on birth control, abortion, gay marriage, the failed drug war, the train, separation of church and state and many more issues ?",0.0,0,0,0,0,0,en
cx_en_000000_483208,"The West is changing. Calgary has a gay Muslim mayor, while Toronto had Rob Ford and MOntreal had the corrupt Michael Applebaum. Newcomers to Alberta will vote more frequently for NDP or Liberals.",0.0,0,0,0,0,0,en
cx_en_000000_a84759,"I've never had any of my LGBT friends/family push their beliefs on me. Also, I know God loves ALL of us.",0.0,0,0,0,0,0,en
cx_en_000000_d8f04e,How is our right to worship hurting the LGBT community.,0.0,0,0,0,0,0,en
cx_en_000000_2a05bf,LGBT rights movement has been around since the late 1960s; however in Anchorage the conservative press never told the whole truth about LGBT until after the turn of the century.,0.0,0,0,0,0,0,en
cx_en_000000_e4908a,"The LGBT movement has been around since the 1920s in various forms. The ""rights"" discourse is relatively new, since about 1990.",0.0,0,0,0,0,0,en
cx_en_000000_776044,The Story about the LGBT photographer has had all the comments removed. Strange they even removed the non negative ones.,0.0,0,0,0,0,0,en
cx_en_000000_88d363,What do pedophiles have to do with the LGBT community? Pedophiles take advantage of kids that can't give consent. You are suggesting the LGBT are the same.,0.0,0,0,0,0,0,en
cx_en_000000_9f92c0,"Continue to stand strong LGBT community. Yes, indeed, you'll overcome and you have.",0.0,0,0,0,0,0,en
cx_en_000000_7a483e,"The Paulists, led by a friend of mine, are very supportive of LGBT folks. They produced a 20-min video on the topic about 6-8 months ago. You might get find it on their website.",0.0,0,0,0,0,0,en
cx_en_000000_40d7f5,You live in this country and deny the bishops all but explicitly endorse the Republican Party over abortion and LGBT equality? Wow.,0.0,0,0,0,0,0,en
cx_en_000000_c8ee06,At least the bishops boldly confronted the needs of Catholic LGBTs by having Cardinal Dolan wax poetic on Courage.,0.0,0,0,0,0,0,en
cx_en_000000_2b3987,I wonder how many openly LGBT folks were included? They are part of the diocese too.,0.0,0,0,0,0,0,en
cx_en_000000_092cb3,Those of us who do love and respect our LGBT brothers and sisters support them and their marriages.,0.0,0,0,0,0,0,en
cx_en_000000_06973d,I am not against LGBT people at all.,0.0,0,0,0,0,0,en
cx_en_000000_17c360,"I've often wondered who chose the order of letters in LGBTQ, etc. Why do the poor Qs get stuck on the tag end while the high-falutin' Ls are out in front?",0.0,0,0,0,0,0,en
cx_en_000000_f44908,"Maybe not Trump himself, but he brought in Mike Pence as VP. Google Mike Pence LGBT, and see all his battles against LGBT rights.",0.0,0,0,0,0,0,en
cx_en_000000_049a4a,"People are perceiving it that way because thats what your initiative does, it attacks law abiding LGBT individuals who want nothing more than to be left alone.",0.0,0,0,0,0,0,en
cx_en_000000_4161fc,"I went, my friends went, and I haven't been to a protest in Eugene since 1982. This is important... LGBT community is next.",0.0,0,0,0,0,0,en
cx_en_000000_460557,He's hiding behind his Supreme Court Justice. His pick told me everything I needed to know about LGBTQ issues. His statement is just an 'alternate fact'.,0.0,0,0,0,0,0,en
cx_en_000000_3e7dcb,"Remember, for the bishops, the two most important parts of religious liberty are (1) denying contraception to their employees and (2) the ability to discriminate against the LGBT community.",0.0,0,0,0,0,0,en
cx_en_000000_8451d7,"Only problem is that Trump has managed to assemble the most anti-science, anti-LGBT administration in living memory. No way they'll listen to any facts that disagree with their personal beliefs.",0.0,0,0,0,0,0,en
cx_en_000000_e26cb0,"More of a question than a comment, but is the new ED part of the LGBTQ community, or how does she relate to the community that she is representing in her role?",0.0,0,0,0,0,0,en
cx_en_000000_988c30,"Pence was a staunch supporter of discrimination against the LGBT community. But since the institutional Church is as well, that shouldn't make Notre Dame reconsider.",0.0,0,0,0,0,0,en
cx_en_000000_81c82e,"Opposition to civil rights for LGBT people should be ""smash-mouthed""? Is not this kind of inciting and brutal language itself an invocation of evil?",0.0,0,0,0,0,0,en
cx_en_000000_4005a3,"Why is it ""LGBT"" instead of, say, LTBG? And how does a media outlet decide where to truncate the full acronym (LGBTTQQI2S)?",0.0,0,0,0,0,0,en
cx_en_000000_f04910,"Michael ought to know better than to claim that tails wag dogs. He essentially belittles the Democrats' fundamental commitment to supporting women's, LGBT's, and other oppressed groups' rights.",0.0,0,0,0,0,0,en
cx_en_000000_eaa3f6,LGBT rights are equal rights protected by the Bill of Rights in our United States Constitution.,0.0,0,0,0,0,0,en
cx_en_000000_c1fe0b,"Interesting. I wonder where ""LGBT"" did come from.",0.0,0,0,0,0,0,en
cx_en_000000_80aba6,Thanks for a great story. The LGBT community has indeed come a long way.,0.0,0,0,0,0,0,en
cx_en_000000_fce28b,The pictures says it all. So-much animus. And this man promised to protect the rights of LGBT individuals.,0.0,0,0,0,0,0,en
cx_en_000000_927ba3,"Those of us in the LGBTQ community are not very surprised by this. After all, Trump has attacked every other minority group in the U.S. We were bound to be next.",0.0,0,0,0,0,0,en
cx_en_000000_d21d25,This action against the LGBT folks is just the tip the iceberg. You all won't be cracking jokes when his next tweet is about repealing basic civil rights.,0.0,0,0,0,0,0,en
cx_en_000000_fdbe7d,I've seen it stand for both. It is sometimes spelled as LGBTQQ to include both possibilities.,0.0,0,0,0,0,0,en
cx_en_000000_b04145,"Look further down the page for the original decision from July 27. The original nine interveners included 3 religious organizations, 6 secular legal organizations, and zero LGBT organizations.",0.0,0,0,0,0,0,en
cx_en_000000_d8451e,"Not true - did you read the article? Several religious organizations were allowed to intervene, but none from the LGBTQ community, whose rights are under threat.",0.0,0,0,0,0,0,en
cx_en_000000_dea196,"Maybe not, but balance is required. If the religious are allowed to intervene re: their rights, surely the LGBTQ community, whose rights are at risk here, also deserve to be heard.",0.0,0,0,0,0,0,en
cx_en_000000_afbafc,Pandora is now whinging about progressives opposing discrimination. She pretends that discrimating against our LGBT brothers and sisters is Catholic doctrine and should be a civil right.,0.0,0,0,0,0,0,en
cx_en_000000_2bb85a,A sad day for the all minorities and especially the LGBT community. I often wonder how Trump will be remember when he is out of office. Perhaps 'The Great Divider' may be appropriate.,0.0,0,0,0,0,0,en
cx_en_000000_522046,LGBTQ? Is Q a fifth category? No bias just asking.,0.0,0,0,0,0,0,en
cx_en_000000_731b9b,"The use of apocalyptic language to characterize LGBT folk and their impact upon society does not ever constitute polite, respectful or civil dialogue ... no matter the intention of the interlocutor.",0.0,0,0,0,0,0,en
cx_en_000000_77a627,He writes from his experience counseling LGBTQ folks and their families. What else are you trying to imply?,0.0,0,0,0,0,0,en
cx_en_000000_469ed8,"Just not going to stay in the closet you design for others. Again, LGBT people will represent themselves the way they want to and not closet themselves to help you feel comfortable.",0.0,0,0,0,0,0,en
cx_en_000000_cecbef,Bless him for this...but let's follow his words to their logical conclusions and stop the misogyny and exclusion toward LGBTs.,0.0,0,0,0,0,0,en
cx_en_000000_e77b01,"If Trump lied to the LGBT community during the campaign, how can you trust him not to let you down on issues you care about?",0.0,0,0,0,0,0,en
cx_en_000000_9dc3ce,"Just wondering...do these ""guidelines"" also apply to priests and religious who die in this diocese? I've heard rumors that many may be a (sometimes silent) part of the LGBT community.",0.0,0,0,0,0,0,en
cx_en_000000_f70a7f,"In what way does compassion, respect, and equality for LGBTQ youth mean that the family is being undermined? Enough with the hyperbole.",0.0,0,0,0,0,0,en
cx_en_000000_9ff183,"Evidence is that some parents can't be. Or do you really think that every single parent welcomes an LGBTQ child with acceptance and open arms. Many do, some don't.",0.0,0,0,0,0,0,en
cx_en_000000_4a5f79,"Explain more. It sounds like you know a lot of LGBTQ people, and really understand the reality of what society looks like for them.",0.0,0,0,0,0,0,en
cx_en_000000_424053,Is that why so many LGBTQ youth are disowned by their families?,0.0,0,0,0,0,0,en
cx_en_000000_d4c5fd,"I find it ironic and humorous that Scalia's vigorous dissent opened the door for same sex advocates to challenge, and win Marriage rights in many states.",0.0,0,0,0,0,0,en
cx_en_000000_c2aac9,"I believe that too, Arlene. The US Supreme Court returned some of my faith when they upheld same-sex marriage, the Affordable Care Act that's saving millions of lives, and affirming a woman's right to choose.",0.0,0,0,0,0,0,en
cx_en_000000_7c9040,"Reasonable ideas, so absolutely no chance the CPC will agree with them. It was 2016 before they could agree with same-sex marriage, for zeus' sake. And then only after a major argument.",0.0,0,0,0,0,0,en
cx_en_000000_c4553d,I must say I am shocked to discover that 'mixed marriages' produce less children than same sex ones. 😉,0.0,0,0,0,0,0,en
cx_en_000000_b82d3d,"Given party discipline, he just needs to vote the party line. He already is showing smarts by plausibly delaying his swearing-in to avoid voting on the same-sex parenting bill.",0.0,0,0,0,0,0,en
cx_en_000000_2fb2f6,"Before all this came down the pipes, I figured if they didn't want the same sex marriage arrangement around, then the very least that should've been done is to update estate law.",0.0,0,0,0,0,0,en
cx_en_000000_740074,"RangerMC, You're wrong again. The constitutional amendment said that the Legislature could decide on the issue of same sex marriage. The Legislature subsequently passed a law creating civil unions, then same sex marriage after that.",0.0,0,0,0,0,0,en
cx_en_000000_107236,Sorry but I gotta make a correction. It was same-sex marriage. And he lost his job because he couldn't reach the mic on the podium. 😊 I predict that Ige will be another one-term governor.,0.0,0,0,0,0,0,en
cx_en_000000_7e8ad1,"He is against abortion, against same sex rights, against legalizing marijuana and against assisted dying. He's completely out of touch with Canadians under the age of 75.",0.0,0,0,0,0,0,en
cx_en_000000_90edea,"The reality is that same sex marriage is valid under US law. That's the reality. You are correct that 2+2=4, but 3+1=4 also.",0.0,0,0,0,0,0,en
cx_en_000000_a0d375,I was just anticipating the argument that it is unreasonable to ask people with same-sex attraction to either remain chaste and/or form relationships with the opposite sex.,0.0,0,0,0,0,0,en
cx_en_000000_45d727,When love is the basis within a healthy family environment what's the big deal whether the parents are a man and a woman or both of the same sex couple. Love knows no boundaries!,0.0,0,0,0,0,0,en
cx_en_000000_10cad2,"Hopefully this case will help restore the First Amendment rights of all citizens, including the Freedom of Association right which allows same-sex couples to marry.",0.0,0,0,0,0,0,en
cx_en_000000_125884,The vast majority of americans support same sex marriage. It should be a slam dunk for the Supreme Court as it is discrimination for sure.,0.0,0,0,0,0,0,en
cx_en_000000_b56435,"Entering into a same-sex marriage is NOT to reject the Catholic faith (""faith"" is not capitalized).",0.0,0,0,0,0,0,en
cx_en_000000_7d8671,Conservatives are not good at moving on. That's why they are still debating same-sex marriage and abortion.,0.0,0,0,0,0,0,en
cx_en_000000_9164a3,They also discussed same sex marriage and religious liberty...your point?,0.0,0,0,0,0,0,en
cx_en_000000_dabe1c,Good for you! Do you apply the same standard to same sex marriages and to open relationships?,0.0,0,0,0,0,0,en
cx_en_000000_87c4ea,I suggest bishop Burns read the bible more often. Does that mean that the Brother Francis shelter doesn't allow homosexuals?,0.0,0,0,0,0,0,en
cx_en_000000_548166,"Maybe I missed that part of the Bible, but where in the New Testament does it discuss homosexuality?",0.0,0,0,0,0,0,en
cx_en_000000_a6702c,"You do know that the polls show Catholics clearly opposing magisterial teaching on homosexual relations. So, ""the fringe"" has moved into the center.",0.0,0,0,0,0,0,en
cx_en_000000_8ae229,Jesus never said one word about homosexuality. Not a single word.,0.0,0,0,0,0,0,en
cx_en_000000_5f2db1,"Not quite right. Your analogy is faulty. Being homosexual is an inherent attribute, like skin colour. Religion is a set of beliefs not an inherent attribute.",0.0,0,0,0,0,0,en
cx_en_000000_152c16,Actually you're wrong about Neil. He lost his job when he brought the legislature into special session to approve homosexual marriage.,0.0,0,0,0,0,0,en
cx_en_000000_f24fed,"Camaraderie? Where in the world did you get that? Utterly oblivious to how much damage phrases like that can do to boys, homosexual AND heterosexual.",0.0,0,0,0,0,0,en
cx_en_000000_7ed396,"You didn't choose to be heterosexual, you were born that way. About 3% of the human population is born homosexual - it's a naturally occurring biological variant.",0.0,0,0,0,0,0,en
cx_en_000000_000c5b,Where does Catholic moral teaching say that homosexuals should be feared and loathed? I have never seen this written or heard it spoken in over 70 years.,0.0,0,0,0,0,0,en
cx_en_000000_62be01,"You wrongly assume that Jesus said nothing about homosexuality, and that the Church's teachings don't reflect Jesus's mind on the subject.",0.0,0,0,0,0,0,en
cx_en_000000_f4fbfb,"Nor is homosexuality a behavior. Would you call heterosexuality a ""behavior""? They are both integral aspects of one's identity, as is race.",0.0,0,0,0,0,0,en
cx_en_000000_4b6393,"Start looking at not just Hollywood culture but government and the fashion industry too, and not just heterosexual men but homosexual men and woman also to be fair.",0.0,0,0,0,0,0,en
cx_en_000000_ed4feb,"Negative rights prohibit goverment action, particularly against minority populations (like homosexuals seeking marriage). Positive rights require government action. See Casti Connubii 191-121, which is where the Magisterium requires such intervention.",0.0,0,0,0,0,0,en
cx_en_000000_1e64f0,"Actually they do. If the law states they can not deny for sexual orientation, then they need an exception if the want to deny on that reason.",0.0,0,0,0,0,0,en
cx_en_000000_1c760f,"Not quite as horrific as the people being attacked for their race, their immigration status, their sexual orientation or their frailty.",0.0,0,0,0,0,0,en
cx_en_000000_30958b,"US law says that certain classes of people cannot be discriminated against. Currently, race, religion and national origin. In some placesort, it also says ""sexual orientation. Apparently, you would oppose adding this class as well.",0.0,0,0,0,0,0,en
cx_en_000000_d198a3,"I flagged this problem the day the survey came out, after I was asked for my email address, income and sexual orientation.",0.0,0,0,0,0,0,en
cx_en_000000_f11ddc,"What Joe says is entirely correct. What other reason did they have to insist that I give them my income, email address and sexual orientation?",0.0,0,0,0,0,0,en
cx_en_000000_5853ee,"Nomination should be based on artistic excellence, nothing more, nothing less. Race, religion, sexual orientation or political stripe has nothing to do with the creative process and shouldn’t figure in the awards process.",0.0,0,0,0,0,0,en
cx_en_000000_92c2e3,"L - ladies 1st. B - next to demand inclusion. T - they may make the most noise, but came later and are qualitatively different - sexual identity rather than sexual orientation.",0.0,0,0,0,0,0,en
cx_en_000000_7a20c5,"Ewar, that is true on the federal level. In Colorado, state law makes sexual orientation and gender identity protected classes.",0.0,0,0,0,0,0,en
cx_en_000000_8a39f3,"IRT Mythman, sexual orientation is not part of the 1964 civil rights law and the Dept. of Justice has begun to make that known in Federal Courts. Imua.",0.0,0,0,0,0,0,en
cx_en_000000_b4ace6,Are you suggesting political affiliation is a protected class like race or religion or sexual orientation is? Is white nationalism a religion now?,0.0,0,0,0,0,0,en
cx_en_000000_1d2ebe,The navy was focused on making sure there was no gender or sexual orientation discrimination of sailors perhaps instead of following the stricter watch standing rules?,0.0,0,0,0,0,0,en
cx_en_000000_1b8eef,"Depends on the state, about 20, including Colorado and New Mexico, prohibit discrimination based on sexual orientation. 5 others do as well, but only for state and public employees.",0.0,0,0,0,0,0,en
cx_en_000000_4dc37a,"Business proprietors shouldn't be allowed to discriminate against people on the basis of race, religion, or sexual orientation. Jack Phillips is wrong.",0.0,0,0,0,0,0,en
cx_en_000000_06d88b,"You would expect that if appointments were based on merit then they would never ask about race, gender, sexual orientation, etc. How is that merit?",0.0,0,0,0,0,0,en
cx_en_000000_d8c4fd,I'm quite sure Pope Francis is equally familiar with heterosexual priests and their 'housekeepers'. Pope Benedict suspended over twenty African bishops for such arrangements. We just didn't hear about it in the West.,0.0,0,0,0,0,0,en
cx_en_000000_7e9a49,"As a person who identifies as a male, and at present a heterosexual man I find the cardinal's message personally offensive. Sue me, but that's just how my thoughts are currently identifying.",0.0,0,0,0,0,0,en
cx_en_000000_fcf4ef,"My next book is going to have heterosexual characters, French-Canadian characters, women characters, black characters and characters from rural backgrounds. I am none of those things. Should I, as a writer, just stop writing now?",0.0,0,0,0,0,0,en
cx_en_000000_73727d,"Howe are you not? I too am a white, heterosexual male, and I have yet to feel unequal.",0.0,0,0,0,0,0,en
cx_en_000000_3037a3,You're saying non-heterosexuals can't decide for themselves if they wish to attend TWU?,0.0,0,0,0,0,0,en
cx_en_000000_313cb3,"Jay, it IS on par with heterosexuality.",0.0,0,0,0,0,0,en
cx_en_000000_7cf6a0,"I spent seven years in the seminary and many of those men were ordained. Yes, many. It is no secret that many, many ordained priests are homosexually (or heterosexually) active.",0.0,0,0,0,0,0,en
cx_en_000000_93c3ea,Straight men want to be married more than be priests these days. Priests aren't thought so highly of these days.,0.0,0,0,0,0,0,en
cx_en_000000_f26d55,"There is the contraception thing, but maybe that's more about what straight women do at their pharmacies.",0.0,0,0,0,0,0,en
cx_en_000000_f5d8dd,Good list. My parish is on there as well as quite a few in the Chicago archdiocese. I think that even straight people can use the list to find open and accepting parishes.,0.0,0,0,0,0,0,en
cx_en_000000_9e0617,"Eye candy? Putting aside that perhaps media should stop commenting on people's appearance as it's tacky, is this really what straight men thinks eye candy looks like?",0.0,0,0,0,0,0,en
cx_en_000000_90c844,"Just so you know, lesbians can get pregnant and bear children. I wish Jeremy the best because he earned it with hard work.",0.0,0,0,0,0,0,en
cx_en_000000_47172d,"Lesbians have the lowest incidence of HIV/AIDS, so can we assume lesbian relationships are at the top of your list of ""approved"" couplings?",0.0,0,0,0,0,0,en
cx_en_000000_82459a,I think I'm a lesbian.,0.0,0,0,0,0,0,en
cx_en_000000_ac429d,"In the US it stands for 'Questioning', in other parts of the world it can stand for 'Queer'.",0.0,0,0,0,0,0,en
cx_en_000000_3b61c2,They do indeed use Queer.,0.0,0,0,0,0,0,en
cx_en_000000_9a6014,"I didn't imagine that you would consider drag queens to be ""freakie"" at all.",0.0,0,0,0,0,0,en
cx_en_000000_00d20e,Those two actress have a rough road to travel to be as good as the many drag queens who have made careers out of doing Bette and Joan. Learn for the pros girls.,0.0,0,0,0,0,0,en
